2017-18 Rank,Rank in the most recent five years,Trend,School Name,City,2017-18 Rating,2017-18 Rating by Percent,Rating in the most recent five years,Waterloo Adjustment,,
29/738,20/625,NO CHANGE,Earl of March,Kanata,8.5,85.00%,8.6,10.5,97.70%,91.35%
3/738,2/625,NO CHANGE,Colonel By,Gloucester,9.6,96.00%,9.3,11.7,90.80%,93.40%
32/738,35/625,NO CHANGE,All Saints,Kanata,8.4,84.00%,8.2,10.5,97.70%,90.85%
20/738,9/625,NO CHANGE,Pierre Elliott Trudeau,Markham,8.7,87.00%,8.9,10.9,95.40%,91.20%
117/738,148/625,NO CHANGE,Northview Heights,Toronto,7.6,76.00%,7.2,10.1,100.00%,88.00%
84/738,29/625,NO CHANGE,Lawrence Park,Toronto,7.8,78.00%,8.4,10.4,98.28%,88.14%
75/738,n/a,NO CHANGE,Nepean,Ottawa,7.9,79.00%,n/a,10.7,96.55%,87.78%
20/738,3/625,NO CHANGE,London Central,London,8.7,87.00%,9,11.5,91.95%,89.48%
84/738,75/625,NO CHANGE,Guelph,Guelph,7.8,78.00%,7.7,10.6,97.13%,87.56%
133/738,75/625,DOWNTREND,Dr Norman Bethune,Toronto,7.5,75.00%,7.7,10.4,98.28%,86.64%
49/738,57/625,NO CHANGE,Agincourt,Toronto,8.1,81.00%,7.9,11.1,94.25%,87.63%
49/738,39/625,NO CHANGE,Elmira,Elmira,8.1,81.00%,8.1,11.2,93.68%,87.34%
186/738,148/625,NO CHANGE,Don Mills,Toronto,7.2,72.00%,7.2,10.3,98.85%,85.43%
49/738,100/625,NO CHANGE,Milliken Mills,Unionville,8.1,81.00%,7.5,11.4,92.53%,86.76%
75/738,39/625,DOWNTREND,Vincent Massey,Windsor,7.9,79.00%,8.1,11.3,93.10%,86.05%
24/738,12/625,NO CHANGE,Richmond Hill,Richmond Hill,8.6,86.00%,8.8,12.3,87.36%,86.68%
7/738,3/625,NO CHANGE,Markville,Markham,9.2,92.00%,9,13,83.33%,87.67%
24/738,n/a,NO CHANGE,Lisgar,Ottawa,8.6,86.00%,n/a,12.4,86.78%,86.39%
10/738,3/625,NO CHANGE,St Theresa of Lisieux,Richmond Hill,9.1,91.00%,9,13.1,82.76%,86.88%
38/738,29/625,NO CHANGE,Centennial,Guelph,8.3,83.00%,8.4,12.3,87.36%,85.18%
248/738,148/625,NO CHANGE,Sir John A Macdonald,Toronto,6.9,69.00%,7.2,10.9,95.40%,82.20%
325/738,246/625,NO CHANGE,Bell,Nepean,6.4,64.00%,6.6,10.4,98.28%,81.14%
45/738,n/a,NO CHANGE,A Y Jackson,Toronto,8.2,82.00%,n/a,12.5,86.21%,84.10%
13/738,9/625,NO CHANGE,Unionville,Unionville,8.9,89.00%,8.9,13.3,81.61%,85.30%
164/738,114/625,NO CHANGE,Milton,Milton,7.3,73.00%,7.4,11.8,90.23%,81.61%
164/738,n/a,NO CHANGE,Stephen Lewis,Mississauga,7.3,73.00%,n/a,12,89.08%,81.04%
14/738,14/625,NO CHANGE,William Lyon Mackenzie,Toronto,8.8,88.00%,8.7,13.6,79.89%,83.94%
6/738,3/625,NO CHANGE,St Robert,Thornhill,9.3,93.00%,9,14.2,76.44%,84.72%
75/738,49/625,NO CHANGE,Thornhill,Thornhill,7.9,79.00%,8,12.9,83.91%,81.45%
225/738,n/a,NO CHANGE,Streetsville,Mississauga,7,70.00%,n/a,12,89.08%,79.54%
148/738,35/625,NO CHANGE,St Aloysius Gonzaga,Mississauga,7.4,74.00%,8.2,12.7,85.06%,79.53%
133/738,49/625,NO CHANGE,Newmarket,Newmarket,7.5,75.00%,8,12.9,83.91%,79.45%
248/738,n/a,NO CHANGE,Pickering,Ajax,6.9,69.00%,n/a,12.5,86.21%,77.60%
62/738,75/625,NO CHANGE,Markham,Markham,8,80.00%,7.7,13.7,79.31%,79.66%
266/738,246/625,NO CHANGE,Marc Garneau,Toronto,6.8,68.00%,6.6,12.8,84.48%,76.24%
164/738,114/625,NO CHANGE,Northern,Toronto,7.3,73.00%,7.4,13.4,81.03%,77.02%
373/738,202/625,NO CHANGE,Martingrove,Toronto,6.2,62.00%,6.9,12.4,86.78%,74.39%
286/738,n/a,NO CHANGE,Sinclair,Whitby,6.6,66.00%,n/a,12.8,84.48%,75.24%
1/738,n/a,NO CHANGE,Havergal,Toronto,10,100.00%,n/a,16.3,64.37%,82.18%
2/738,n/a,NO CHANGE,Wali ul Asr,Caledon,9.9,99.00%,n/a,16.3,64.37%,81.68%
3/738,1/625,NO CHANGE,St Michael's Choir,Toronto,9.6,96.00%,9.5,16.3,64.37%,80.18%
3/738,3/625,UPTREND,Ursula Franklin,Toronto,9.6,96.00%,9,16.3,64.37%,80.18%
204/738,202/625,NO CHANGE,Orchard Park,Stoney Creek,7.1,71.00%,6.9,13.8,78.74%,74.87%
186/738,90/625,NO CHANGE,Waterloo,Waterloo,7.2,72.00%,7.6,14,77.59%,74.79%
634/738,519/625,NO CHANGE,York Memorial,Toronto,4.2,42.00%,4.6,11.1,94.25%,68.13%
7/738,3/625,NO CHANGE,Oakville Trafalgar,Oakville,9.2,92.00%,9,16.3,64.37%,78.18%
7/738,20/625,NO CHANGE,North Toronto,Toronto,9.2,92.00%,8.6,16.3,64.37%,78.18%
11/738,20/625,NO CHANGE,ISNA,Mississauga,9,90.00%,8.6,16.3,64.37%,77.18%
11/738,n/a,NO CHANGE,Canadian Intl. School of Hong Kong,Hong Kong,9,90.00%,n/a,16.3,64.37%,77.18%
536/738,n/a,NO CHANGE,Pickering,Pickering,5.1,51.00%,n/a,12.5,86.21%,68.60%
14/738,12/625,NO CHANGE,St Augustine,Markham,8.8,88.00%,8.8,16.3,64.37%,76.18%
14/738,14/625,NO CHANGE,Cardinal Carter-Arts,Toronto,8.8,88.00%,8.7,16.3,64.37%,76.18%
14/738,14/625,NO CHANGE,Iroquois Ridge,Oakville,8.8,88.00%,8.7,16.3,64.37%,76.18%
14/738,14/625,NO CHANGE,West Carleton,Dunrobin,8.8,88.00%,8.7,16.3,64.37%,76.18%
14/738,n/a,NO CHANGE,John Fraser,Mississauga,8.8,88.00%,n/a,16.3,64.37%,76.18%
20/738,9/625,NO CHANGE,Bayview,Richmond Hill,8.7,87.00%,8.9,16.3,64.37%,75.68%
20/738,n/a,NO CHANGE,Jean-Vanier,Kirkland Lake,8.7,87.00%,n/a,16.3,64.37%,75.68%
24/738,14/625,NO CHANGE,Bur Oak,Markham,8.6,86.00%,8.7,16.3,64.37%,75.18%
24/738,35/625,UPTREND,Garth Webb,Oakville,8.6,86.00%,8.2,16.3,64.37%,75.18%
24/738,39/625,NO CHANGE,St. Thomas Aquinas,Russell,8.6,86.00%,8.1,16.3,64.37%,75.18%
29/738,24/625,NO CHANGE,John McCrae,Nepean,8.5,85.00%,8.5,16.3,64.37%,74.68%
29/738,n/a,NO CHANGE,Ange-Gabriel,Brockville,8.5,85.00%,n/a,16.3,64.37%,74.68%
32/738,24/625,NO CHANGE,St Marcellinus,Mississauga,8.4,84.00%,8.5,16.3,64.37%,74.18%
32/738,29/625,NO CHANGE,Etobicoke-Arts,Toronto,8.4,84.00%,8.4,16.3,64.37%,74.18%
32/738,34/625,NO CHANGE,White Oaks,Oakville,8.4,84.00%,8.3,16.3,64.37%,74.18%
32/738,35/625,NO CHANGE,Aurora,Aurora,8.4,84.00%,8.2,16.3,64.37%,74.18%
32/738,n/a,NO CHANGE,The Woodlands,Mississauga,8.4,84.00%,n/a,16.3,64.37%,74.18%
38/738,24/625,NO CHANGE,Earl Haig,Toronto,8.3,83.00%,8.5,16.3,64.37%,73.68%
38/738,49/625,NO CHANGE,St Benedict,Sudbury,8.3,83.00%,8,16.3,64.37%,73.68%
38/738,57/625,NO CHANGE,John F Ross,Guelph,8.3,83.00%,7.9,16.3,64.37%,73.68%
38/738,100/625,UPTREND,South Carleton,Richmond,8.3,83.00%,7.5,16.3,64.37%,73.68%
38/738,184/625,UPTREND,Saint-Charles-Garnier,Whitby,8.3,83.00%,7,16.3,64.37%,73.68%
38/738,334/625,UPTREND,Collège Français,Toronto,8.3,83.00%,6.1,16.3,64.37%,73.68%
45/738,24/625,NO CHANGE,St Michael,Kemptville,8.2,82.00%,8.5,16.3,64.37%,73.18%
45/738,n/a,NO CHANGE,Bill Hogarth,Markham,8.2,82.00%,n/a,16.3,64.37%,73.18%
45/738,n/a,NO CHANGE,Donald A. Wilson,Whitby,8.2,82.00%,n/a,16.3,64.37%,73.18%
49/738,14/625,NO CHANGE,Abbey Park,Oakville,8.1,81.00%,8.7,16.3,64.37%,72.68%
49/738,39/625,NO CHANGE,Leaside,Toronto,8.1,81.00%,8.1,16.3,64.37%,72.68%
49/738,39/625,NO CHANGE,Richmond Green,Richmond Hill,8.1,81.00%,8.1,16.3,64.37%,72.68%
49/738,57/625,NO CHANGE,Sir John A Macdonald,Waterloo,8.1,81.00%,7.9,16.3,64.37%,72.68%
49/738,66/625,NO CHANGE,Jeunes sans frontières,Brampton,8.1,81.00%,7.8,16.3,64.37%,72.68%
49/738,66/625,UPTREND,Marie-Rivier,Kingston,8.1,81.00%,7.8,16.3,64.37%,72.68%
49/738,66/625,NO CHANGE,St Francis Xavier,Mississauga,8.1,81.00%,7.8,16.3,64.37%,72.68%
49/738,75/625,NO CHANGE,St Ignatius of Loyola,Oakville,8.1,81.00%,7.7,16.3,64.37%,72.68%
49/738,129/625,UPTREND,Merivale,Nepean,8.1,81.00%,7.3,16.3,64.37%,72.68%
49/738,n/a,NO CHANGE,Paul-Desmarais,Ottawa,8.1,81.00%,n/a,16.3,64.37%,72.68%
62/738,20/625,NO CHANGE,St Joseph's,Renfrew,8,80.00%,8.6,16.3,64.37%,72.18%
62/738,39/625,NO CHANGE,Holy Trinity,Kanata,8,80.00%,8.1,16.3,64.37%,72.18%
62/738,39/625,NO CHANGE,Westmount,Thornhill,8,80.00%,8.1,16.3,64.37%,72.18%
62/738,49/625,NO CHANGE,Marymount,Sudbury,8,80.00%,8,16.3,64.37%,72.18%
62/738,66/625,NO CHANGE,Eden,St Catharines,8,80.00%,7.8,16.3,64.37%,72.18%
62/738,66/625,UPTREND,Stephen Lewis,Thornhill,8,80.00%,7.8,16.3,64.37%,72.18%
62/738,75/625,NO CHANGE,A.Y. Jackson,Kanata,8,80.00%,7.7,16.3,64.37%,72.18%
62/738,75/625,NO CHANGE,Erin,Erin,8,80.00%,7.7,16.3,64.37%,72.18%
62/738,129/625,UPTREND,Tecumseh Vista,Tecumseh,8,80.00%,7.3,16.3,64.37%,72.18%
62/738,229/625,NO CHANGE,Toronto Ouest,Toronto,8,80.00%,6.7,16.3,64.37%,72.18%
75/738,29/625,NO CHANGE,Middlefield,Markham,7.9,79.00%,8.4,16.3,64.37%,71.68%
75/738,39/625,NO CHANGE,Humberside,Toronto,7.9,79.00%,8.1,16.3,64.37%,71.68%
75/738,202/625,NO CHANGE,Notre Dame,Carleton Place,7.9,79.00%,6.9,16.3,64.37%,71.68%
75/738,n/a,NO CHANGE,Bracebridge and Muskoka Lakes,Bracebridge,7.9,79.00%,n/a,16.3,64.37%,71.68%
75/738,n/a,NO CHANGE,Maurice-Lapointe,Kanata,7.9,79.00%,n/a,16.3,64.37%,71.68%
75/738,n/a,NO CHANGE,Uxbridge,Uxbridge,7.9,79.00%,n/a,16.3,64.37%,71.68%
84/738,49/625,NO CHANGE,Bill Crothers,Unionville,7.8,78.00%,8,16.3,64.37%,71.18%
84/738,49/625,DOWNTREND,Bishop Paul Francis Reding,Milton,7.8,78.00%,8,16.3,64.37%,71.18%
84/738,49/625,NO CHANGE,Malvern,Toronto,7.8,78.00%,8,16.3,64.37%,71.18%
84/738,57/625,NO CHANGE,Father John Redmond,Toronto,7.8,78.00%,7.9,16.3,64.37%,71.18%
84/738,57/625,NO CHANGE,Holy Name of Mary,Brampton,7.8,78.00%,7.9,16.3,64.37%,71.18%
84/738,57/625,NO CHANGE,Richview,Toronto,7.8,78.00%,7.9,16.3,64.37%,71.18%
84/738,57/625,NO CHANGE,St Anne,Tecumseh,7.8,78.00%,7.9,16.3,64.37%,71.18%
84/738,75/625,NO CHANGE,Renaissance,Aurora,7.8,78.00%,7.7,16.3,64.37%,71.18%
84/738,100/625,UPTREND,St Thomas of Villanova,LaSalle,7.8,78.00%,7.5,16.3,64.37%,71.18%
84/738,114/625,UPTREND,St Matthew,Orléans,7.8,78.00%,7.4,16.3,64.37%,71.18%
84/738,129/625,NO CHANGE,Dr G W Williams,Aurora,7.8,78.00%,7.3,16.3,64.37%,71.18%
84/738,163/625,UPTREND,Louis-Riel,Gloucester,7.8,78.00%,7.1,16.3,64.37%,71.18%
84/738,214/625,NO CHANGE,St Paul,Mississauga,7.8,78.00%,6.8,16.3,64.37%,71.18%
84/738,n/a,NO CHANGE,Tommy Douglas,Woodbridge,7.8,78.00%,n/a,16.3,64.37%,71.18%
101/738,24/625,NO CHANGE,Bloor,Toronto,7.7,77.00%,8.5,16.3,64.37%,70.68%
101/738,49/625,NO CHANGE,Nelson,Burlington,7.7,77.00%,8,16.3,64.37%,70.68%
101/738,66/625,NO CHANGE,Longfields Davidson Heights,Nepean,7.7,77.00%,7.8,16.3,64.37%,70.68%
101/738,66/625,NO CHANGE,St Mark,Manotick,7.7,77.00%,7.8,16.3,64.37%,70.68%
101/738,66/625,NO CHANGE,Thomas A Blakelock,Oakville,7.7,77.00%,7.8,16.3,64.37%,70.68%
101/738,75/625,NO CHANGE,St Joseph's,Toronto,7.7,77.00%,7.7,16.3,64.37%,70.68%
101/738,90/625,NO CHANGE,Glebe,Ottawa,7.7,77.00%,7.6,16.3,64.37%,70.68%
101/738,114/625,NO CHANGE,Alexander MacKenzie,Richmond Hill,7.7,77.00%,7.4,16.3,64.37%,70.68%
101/738,163/625,NO CHANGE,Riverdale,Toronto,7.7,77.00%,7.1,16.3,64.37%,70.68%
101/738,184/625,UPTREND,Cardinal Ambrozic,Brampton,7.7,77.00%,7,16.3,64.37%,70.68%
101/738,184/625,UPTREND,Eastview,Barrie,7.7,77.00%,7,16.3,64.37%,70.68%
101/738,184/625,NO CHANGE,Saint-Frère-André,Toronto,7.7,77.00%,7,16.3,64.37%,70.68%
101/738,202/625,UPTREND,Saugeen,Port Elgin,7.7,77.00%,6.9,16.3,64.37%,70.68%
101/738,214/625,NO CHANGE,Samuel-Genest,Ottawa,7.7,77.00%,6.8,16.3,64.37%,70.68%
101/738,301/625,NO CHANGE,Mitchell,Mitchell,7.7,77.00%,6.3,16.3,64.37%,70.68%
101/738,n/a,NO CHANGE,Brooklin,Whitby,7.7,77.00%,n/a,16.3,64.37%,70.68%
117/738,57/625,NO CHANGE,Sacred Heart,Stittsville,7.6,76.00%,7.9,16.3,64.37%,70.18%
117/738,66/625,DOWNTREND,Mother Teresa,Nepean,7.6,76.00%,7.8,16.3,64.37%,70.18%
117/738,90/625,NO CHANGE,Sainte-Famille,Mississauga,7.6,76.00%,7.6,16.3,64.37%,70.18%
117/738,100/625,NO CHANGE,Our Lady of Lourdes,Guelph,7.6,76.00%,7.5,16.3,64.37%,70.18%
117/738,114/625,NO CHANGE,Holy Names,Windsor,7.6,76.00%,7.4,16.3,64.37%,70.18%
117/738,114/625,NO CHANGE,Marc-Garneau,Trenton,7.6,76.00%,7.4,16.3,64.37%,70.18%
117/738,129/625,NO CHANGE,Mary Ward,Toronto,7.6,76.00%,7.3,16.3,64.37%,70.18%
117/738,129/625,NO CHANGE,St Mary's,Hamilton,7.6,76.00%,7.3,16.3,64.37%,70.18%
117/738,163/625,NO CHANGE,Holy Trinity,Oakville,7.6,76.00%,7.1,16.3,64.37%,70.18%
117/738,163/625,DOWNTREND,Jean Vanier,Milton,7.6,76.00%,7.1,16.3,64.37%,70.18%
117/738,229/625,NO CHANGE,Gaétan Gervais,Oakville,7.6,76.00%,6.7,16.3,64.37%,70.18%
117/738,264/625,NO CHANGE,Pierre-Savard,Nepean,7.6,76.00%,6.5,16.3,64.37%,70.18%
117/738,n/a,NO CHANGE,Canterbury,Ottawa,7.6,76.00%,n/a,16.3,64.37%,70.18%
117/738,n/a,NO CHANGE,Lorne Park,Mississauga,7.6,76.00%,n/a,16.3,64.37%,70.18%
117/738,n/a,NO CHANGE,Port Credit,Mississauga,7.6,76.00%,n/a,16.3,64.37%,70.18%
133/738,39/625,NO CHANGE,St Joseph,Nepean,7.5,75.00%,8.1,16.3,64.37%,69.68%
133/738,90/625,NO CHANGE,Rosedale Heights-Arts,Toronto,7.5,75.00%,7.6,16.3,64.37%,69.68%
133/738,100/625,NO CHANGE,W A Porter,Toronto,7.5,75.00%,7.5,16.3,64.37%,69.68%
133/738,148/625,NO CHANGE,Cardinal Carter,Aurora,7.5,75.00%,7.2,16.3,64.37%,69.68%
133/738,163/625,NO CHANGE,Jean Vanier,Richmond Hill,7.5,75.00%,7.1,16.3,64.37%,69.68%
133/738,163/625,NO CHANGE,Loyola,Mississauga,7.5,75.00%,7.1,16.3,64.37%,69.68%
133/738,202/625,NO CHANGE,Owen Sound,Owen Sound,7.5,75.00%,6.9,16.3,64.37%,69.68%
133/738,229/625,NO CHANGE,Father Leo J Austin,Whitby,7.5,75.00%,6.7,16.3,64.37%,69.68%
133/738,246/625,NO CHANGE,Immaculata,Ottawa,7.5,75.00%,6.6,16.3,64.37%,69.68%
133/738,284/625,UPTREND,Laura Secord,St Catharines,7.5,75.00%,6.4,16.3,64.37%,69.68%
133/738,n/a,NO CHANGE,Glenforest,Mississauga,7.5,75.00%,n/a,16.3,64.37%,69.68%
133/738,n/a,NO CHANGE,Maxwell Heights,Oshawa,7.5,75.00%,n/a,16.3,64.37%,69.68%
133/738,n/a,NO CHANGE,Meadowvale,Mississauga,7.5,75.00%,n/a,16.3,64.37%,69.68%
148/738,75/625,DOWNTREND,Notre Dame,Toronto,7.4,74.00%,7.7,16.3,64.37%,69.18%
148/738,75/625,NO CHANGE,Thornlea,Thornhill,7.4,74.00%,7.7,16.3,64.37%,69.18%
148/738,90/625,NO CHANGE,Saint Michael,Niagara Falls,7.4,74.00%,7.6,16.3,64.37%,69.18%
148/738,148/625,NO CHANGE,Courtice,Courtice,7.4,74.00%,7.2,16.3,64.37%,69.18%
148/738,163/625,NO CHANGE,St Edmund Campion,Brampton,7.4,74.00%,7.1,16.3,64.37%,69.18%
148/738,184/625,UPTREND,Cardinal Carter,Leamington,7.4,74.00%,7,16.3,64.37%,69.18%
148/738,184/625,NO CHANGE,L'Héritage,Cornwall,7.4,74.00%,7,16.3,64.37%,69.18%
148/738,184/625,NO CHANGE,St Francis,St Catharines,7.4,74.00%,7,16.3,64.37%,69.18%
148/738,246/625,UPTREND,Francis Libermann,Toronto,7.4,74.00%,6.6,16.3,64.37%,69.18%
148/738,264/625,NO CHANGE,E.J.Lajeunesse,Windsor,7.4,74.00%,6.5,16.3,64.37%,69.18%
148/738,526/625,NO CHANGE,Gananoque,Gananoque,7.4,74.00%,4.5,16.3,64.37%,69.18%
148/738,n/a,NO CHANGE,Chinguacousy,Brampton,7.4,74.00%,n/a,16.3,64.37%,69.18%
148/738,n/a,NO CHANGE,Harold M. Brathwaite,Brampton,7.4,74.00%,n/a,16.3,64.37%,69.18%
148/738,n/a,NO CHANGE,Lo-Ellen Park,Sudbury,7.4,74.00%,n/a,16.3,64.37%,69.18%
615/738,478/625,DOWNTREND,Forest Heights,Kitchener,4.4,44.00%,5,13.3,81.61%,62.80%
164/738,29/625,NO CHANGE,Le Sommet,Hawkesbury,7.3,73.00%,8.4,16.3,64.37%,68.68%
164/738,57/625,NO CHANGE,Forest Hill,Toronto,7.3,73.00%,7.9,16.3,64.37%,68.68%
164/738,90/625,NO CHANGE,Christ the King,Georgetown,7.3,73.00%,7.6,16.3,64.37%,68.68%
164/738,100/625,NO CHANGE,Assumption,Burlington,7.3,73.00%,7.5,16.3,64.37%,68.68%
164/738,100/625,NO CHANGE,F J Brennan,Windsor,7.3,73.00%,7.5,16.3,64.37%,68.68%
164/738,114/625,NO CHANGE,Béatrice-Desloges,Orléans,7.3,73.00%,7.4,16.3,64.37%,68.68%
164/738,114/625,NO CHANGE,R H King,Toronto,7.3,73.00%,7.4,16.3,64.37%,68.68%
164/738,129/625,NO CHANGE,Dr. Frank J. Hayden,Burlington,7.3,73.00%,7.3,16.3,64.37%,68.68%
164/738,129/625,NO CHANGE,Father Michael McGivney,Markham,7.3,73.00%,7.3,16.3,64.37%,68.68%
164/738,129/625,NO CHANGE,Sacred Heart,Newmarket,7.3,73.00%,7.3,16.3,64.37%,68.68%
164/738,163/625,NO CHANGE,A N Myer,Niagara Falls,7.3,73.00%,7.1,16.3,64.37%,68.68%
164/738,163/625,NO CHANGE,Cardinal Newman,Stoney Creek,7.3,73.00%,7.1,16.3,64.37%,68.68%
164/738,184/625,NO CHANGE,Medway,Arva,7.3,73.00%,7,16.3,64.37%,68.68%
164/738,202/625,NO CHANGE,Maple,Maple,7.3,73.00%,6.9,16.3,64.37%,68.68%
164/738,202/625,NO CHANGE,St Joseph's,Windsor,7.3,73.00%,6.9,16.3,64.37%,68.68%
164/738,246/625,UPTREND,L'Escale,Rockland,7.3,73.00%,6.6,16.3,64.37%,68.68%
164/738,284/625,UPTREND,Sir Winston Churchill,Thunder Bay,7.3,73.00%,6.4,16.3,64.37%,68.68%
164/738,n/a,NO CHANGE,Sir Robert Borden,Nepean,7.3,73.00%,n/a,16.3,64.37%,68.68%
186/738,39/625,NO CHANGE,De La Salle,Ottawa,7.2,72.00%,8.1,16.3,64.37%,68.18%
186/738,100/625,NO CHANGE,Aldershot,Burlington,7.2,72.00%,7.5,16.3,64.37%,68.18%
186/738,114/625,NO CHANGE,Oakridge,London,7.2,72.00%,7.4,16.3,64.37%,68.18%
186/738,129/625,NO CHANGE,St Thomas Aquinas,London,7.2,72.00%,7.3,16.3,64.37%,68.18%
186/738,129/625,NO CHANGE,Westmount,Hamilton,7.2,72.00%,7.3,16.3,64.37%,68.18%
186/738,148/625,NO CHANGE,A B Lucas,London,7.2,72.00%,7.2,16.3,64.37%,68.18%
186/738,148/625,NO CHANGE,Craig Kielburger,Milton,7.2,72.00%,7.2,16.3,64.37%,68.18%
186/738,163/625,NO CHANGE,Sandwich,LaSalle,7.2,72.00%,7.1,16.3,64.37%,68.18%
186/738,163/625,NO CHANGE,St. Joan of Arc,Mississauga,7.2,72.00%,7.1,16.3,64.37%,68.18%
186/738,202/625,NO CHANGE,Cairine Wilson,Ottawa,7.2,72.00%,6.9,16.3,64.37%,68.18%
186/738,214/625,NO CHANGE,All Saints,Whitby,7.2,72.00%,6.8,16.3,64.37%,68.18%
186/738,229/625,UPTREND,Sir Frederick Banting,London,7.2,72.00%,6.7,16.3,64.37%,68.18%
186/738,246/625,NO CHANGE,Cameron Heights,Kitchener,7.2,72.00%,6.6,16.3,64.37%,68.18%
186/738,n/a,NO CHANGE,Cawthra Park,Mississauga,7.2,72.00%,n/a,16.3,64.37%,68.18%
186/738,n/a,NO CHANGE,Lockerby,Sudbury,7.2,72.00%,n/a,16.3,64.37%,68.18%
186/738,n/a,NO CHANGE,Sainte-Trinité,Oakville,7.2,72.00%,n/a,16.3,64.37%,68.18%
204/738,75/625,DOWNTREND,Bishop Allen,Toronto,7.1,71.00%,7.7,16.3,64.37%,67.68%
204/738,75/625,NO CHANGE,Stratford Central,Stratford,7.1,71.00%,7.7,16.3,64.37%,67.68%
204/738,100/625,NO CHANGE,Etobicoke,Toronto,7.1,71.00%,7.5,16.3,64.37%,67.68%
204/738,100/625,NO CHANGE,Holy Trinity,Simcoe,7.1,71.00%,7.5,16.3,64.37%,67.68%
204/738,100/625,NO CHANGE,Lester B Pearson,Burlington,7.1,71.00%,7.5,16.3,64.37%,67.68%
204/738,114/625,NO CHANGE,Philip Pocock,Mississauga,7.1,71.00%,7.4,16.3,64.37%,67.68%
204/738,114/625,DOWNTREND,St Elizabeth,Thornhill,7.1,71.00%,7.4,16.3,64.37%,67.68%
204/738,129/625,NO CHANGE,St Francis Xavier,Gloucester,7.1,71.00%,7.3,16.3,64.37%,67.68%
204/738,129/625,NO CHANGE,St Mary's,Brockville,7.1,71.00%,7.3,16.3,64.37%,67.68%
204/738,148/625,NO CHANGE,Belle River,Belle River,7.1,71.00%,7.2,16.3,64.37%,67.68%
204/738,184/625,NO CHANGE,Assumption,Windsor,7.1,71.00%,7,16.3,64.37%,67.68%
204/738,184/625,NO CHANGE,Emily Carr,Woodbridge,7.1,71.00%,7,16.3,64.37%,67.68%
204/738,184/625,NO CHANGE,Westdale,Hamilton,7.1,71.00%,7,16.3,64.37%,67.68%
204/738,202/625,NO CHANGE,Centre Wellington,Fergus,7.1,71.00%,6.9,16.3,64.37%,67.68%
204/738,214/625,NO CHANGE,Mother Teresa,London,7.1,71.00%,6.8,16.3,64.37%,67.68%
204/738,246/625,NO CHANGE,Monseigneur-de-Charbonnel,Toronto,7.1,71.00%,6.6,16.3,64.37%,67.68%
204/738,n/a,NO CHANGE,Applewood Heights,Mississauga,7.1,71.00%,n/a,16.3,64.37%,67.68%
204/738,n/a,NO CHANGE,J Clarke Richardson,Ajax,7.1,71.00%,n/a,16.3,64.37%,67.68%
204/738,n/a,NO CHANGE,R. S. McLaughlin,Oshawa,7.1,71.00%,n/a,16.3,64.37%,67.68%
204/738,n/a,NO CHANGE,Rick Hansen,Mississauga,7.1,71.00%,n/a,16.3,64.37%,67.68%
225/738,75/625,DOWNTREND,Corpus Christi,Burlington,7,70.00%,7.7,16.3,64.37%,67.18%
225/738,90/625,NO CHANGE,Langstaff,Richmond Hill,7,70.00%,7.6,16.3,64.37%,67.18%
225/738,90/625,DOWNTREND,Regiopolis/Notre-Dame,Kingston,7,70.00%,7.6,16.3,64.37%,67.18%
225/738,90/625,NO CHANGE,Resurrection,Kitchener,7,70.00%,7.6,16.3,64.37%,67.18%
225/738,114/625,DOWNTREND,St Peter,Orléans,7,70.00%,7.4,16.3,64.37%,67.18%
225/738,129/625,DOWNTREND,Iona,Mississauga,7,70.00%,7.3,16.3,64.37%,67.18%
225/738,129/625,NO CHANGE,St. Brother André,Markham,7,70.00%,7.3,16.3,64.37%,67.18%
225/738,148/625,DOWNTREND,Notre Dame,Burlington,7,70.00%,7.2,16.3,64.37%,67.18%
225/738,148/625,NO CHANGE,Victoria Park,Toronto,7,70.00%,7.2,16.3,64.37%,67.18%
225/738,184/625,NO CHANGE,St Ignatius,Thunder Bay,7,70.00%,7,16.3,64.37%,67.18%
225/738,202/625,NO CHANGE,Holy Cross,St Catharines,7,70.00%,6.9,16.3,64.37%,67.18%
225/738,214/625,UPTREND,Arnprior,Arnprior,7,70.00%,6.8,16.3,64.37%,67.18%
225/738,214/625,NO CHANGE,Woodbridge,Woodbridge,7,70.00%,6.8,16.3,64.37%,67.18%
225/738,264/625,NO CHANGE,Burlington Central,Burlington,7,70.00%,6.5,16.3,64.37%,67.18%
225/738,284/625,NO CHANGE,Westside,Orangeville,7,70.00%,6.4,16.3,64.37%,67.18%
225/738,356/625,UPTREND,Centre Dufferin,Shelburne,7,70.00%,6,16.3,64.37%,67.18%
225/738,n/a,NO CHANGE,Cobourg,Cobourg,7,70.00%,n/a,16.3,64.37%,67.18%
225/738,n/a,NO CHANGE,Dunbarton,Pickering,7,70.00%,n/a,16.3,64.37%,67.18%
248/738,100/625,DOWNTREND,Garneau,Gloucester,6.9,69.00%,7.5,16.3,64.37%,66.68%
248/738,163/625,DOWNTREND,Stouffville,Stouffville,6.9,69.00%,7.1,16.3,64.37%,66.68%
248/738,184/625,NO CHANGE,Père-René-de-Galinée,Cambridge,6.9,69.00%,7,16.3,64.37%,66.68%
248/738,214/625,NO CHANGE,St Patrick,Toronto,6.9,69.00%,6.8,16.3,64.37%,66.68%
248/738,229/625,NO CHANGE,Franco-Ouest,Nepean,6.9,69.00%,6.7,16.3,64.37%,66.68%
248/738,264/625,UPTREND,Hearst,Hearst,6.9,69.00%,6.5,16.3,64.37%,66.68%
248/738,301/625,NO CHANGE,Sacred Heart,Walkerton,6.9,69.00%,6.3,16.3,64.37%,66.68%
248/738,314/625,NO CHANGE,Peninsula Shores,Wiarton,6.9,69.00%,6.2,16.3,64.37%,66.68%
248/738,372/625,NO CHANGE,Beamsville,Beamsville,6.9,69.00%,5.9,16.3,64.37%,66.68%
248/738,372/625,NO CHANGE,St Joseph's,St Thomas,6.9,69.00%,5.9,16.3,64.37%,66.68%
248/738,n/a,NO CHANGE,Brampton Centennial,Brampton,6.9,69.00%,n/a,16.3,64.37%,66.68%
248/738,n/a,NO CHANGE,Castlebrooke,Brampton,6.9,69.00%,n/a,16.3,64.37%,66.68%
248/738,n/a,NO CHANGE,Henry Street,Whitby,6.9,69.00%,n/a,16.3,64.37%,66.68%
248/738,n/a,NO CHANGE,Mayfield,Caledon,6.9,69.00%,n/a,16.3,64.37%,66.68%
266/738,75/625,NO CHANGE,Our Lady of Mount Carmel,Mississauga,6.8,68.00%,7.7,16.3,64.37%,66.18%
266/738,129/625,NO CHANGE,Gisèle-Lalonde,Orléans,6.8,68.00%,7.3,16.3,64.37%,66.18%
266/738,148/625,NO CHANGE,Centennial,Welland,6.8,68.00%,7.2,16.3,64.37%,66.18%
266/738,148/625,NO CHANGE,St Joseph,Mississauga,6.8,68.00%,7.2,16.3,64.37%,66.18%
266/738,184/625,NO CHANGE,Waterdown,Waterdown,6.8,68.00%,7,16.3,64.37%,66.18%
266/738,214/625,NO CHANGE,Holy Trinity,Cornwall,6.8,68.00%,6.8,16.3,64.37%,66.18%
266/738,229/625,NO CHANGE,St John's,Brantford,6.8,68.00%,6.7,16.3,64.37%,66.18%
266/738,264/625,NO CHANGE,Senator O'Connor,Toronto,6.8,68.00%,6.5,16.3,64.37%,66.18%
266/738,n/a,NO CHANGE,Anderson,Whitby,6.8,68.00%,n/a,16.3,64.37%,66.18%
276/738,129/625,DOWNTREND,Bluevale,Waterloo,6.7,67.00%,7.3,16.3,64.37%,65.68%
276/738,129/625,NO CHANGE,Northern,Sarnia,6.7,67.00%,7.3,16.3,64.37%,65.68%
276/738,163/625,DOWNTREND,John Cabot,Mississauga,6.7,67.00%,7.1,16.3,64.37%,65.68%
276/738,214/625,NO CHANGE,Nicholson,Belleville,6.7,67.00%,6.8,16.3,64.37%,65.68%
276/738,214/625,NO CHANGE,Waterloo-Oxford,Baden,6.7,67.00%,6.8,16.3,64.37%,65.68%
276/738,264/625,NO CHANGE,Preston,Cambridge,6.7,67.00%,6.5,16.3,64.37%,65.68%
276/738,314/625,UPTREND,Chippewa,North Bay,6.7,67.00%,6.2,16.3,64.37%,65.68%
276/738,372/625,NO CHANGE,Renfrew,Renfrew,6.7,67.00%,5.9,16.3,64.37%,65.68%
276/738,n/a,NO CHANGE,Sir Wilfrid Laurier,Orléans,6.7,67.00%,n/a,16.3,64.37%,65.68%
286/738,100/625,NO CHANGE,Jeanne-Lajoie,Pembroke,6.6,66.00%,7.5,16.3,64.37%,65.18%
286/738,129/625,DOWNTREND,Georgetown,Georgetown,6.6,66.00%,7.3,16.3,64.37%,65.18%
286/738,163/625,NO CHANGE,Michael Power/St Joseph,Toronto,6.6,66.00%,7.1,16.3,64.37%,65.18%
286/738,214/625,NO CHANGE,Charlottenburgh and Lancaster,Williamstown,6.6,66.00%,6.8,16.3,64.37%,65.18%
286/738,214/625,NO CHANGE,Orangeville,Orangeville,6.6,66.00%,6.8,16.3,64.37%,65.18%
286/738,214/625,NO CHANGE,St. Roch,Brampton,6.6,66.00%,6.8,16.3,64.37%,65.18%
286/738,229/625,NO CHANGE,Highland,Dundas,6.6,66.00%,6.7,16.3,64.37%,65.18%
286/738,246/625,NO CHANGE,Frontenac,Kingston,6.6,66.00%,6.6,16.3,64.37%,65.18%
286/738,284/625,NO CHANGE,St Michael,Stratford,6.6,66.00%,6.4,16.3,64.37%,65.18%
286/738,284/625,NO CHANGE,Ursuline (The Pines),Chatham,6.6,66.00%,6.4,16.3,64.37%,65.18%
286/738,301/625,NO CHANGE,Essex,Essex,6.6,66.00%,6.3,16.3,64.37%,65.18%
286/738,301/625,NO CHANGE,St Marguerite d'Youville,Brampton,6.6,66.00%,6.3,16.3,64.37%,65.18%
286/738,314/625,NO CHANGE,Glengarry,Alexandria,6.6,66.00%,6.2,16.3,64.37%,65.18%
286/738,314/625,NO CHANGE,Notre Dame,Ajax,6.6,66.00%,6.2,16.3,64.37%,65.18%
286/738,440/625,NO CHANGE,Saint-François-Xavier,Sarnia,6.6,66.00%,5.3,16.3,64.37%,65.18%
286/738,526/625,NO CHANGE,Englehart,Englehart,6.6,66.00%,4.5,16.3,64.37%,65.18%
286/738,n/a,NO CHANGE,Mississauga,Mississauga,6.6,66.00%,n/a,16.3,64.37%,65.18%
286/738,n/a,NO CHANGE,Norval-Morrisseau,Richmond Hill,6.6,66.00%,n/a,16.3,64.37%,65.18%
305/738,100/625,NO CHANGE,E L Crossley,Fonthill,6.5,65.00%,7.5,16.3,64.37%,64.68%
305/738,114/625,NO CHANGE,General Amherst,Amherstburg,6.5,65.00%,7.4,16.3,64.37%,64.68%
305/738,184/625,DOWNTREND,Sir William Mulock,Newmarket,6.5,65.00%,7,16.3,64.37%,64.68%
305/738,229/625,NO CHANGE,Brockville,Brockville,6.5,65.00%,6.7,16.3,64.37%,64.68%
305/738,246/625,NO CHANGE,St Joseph's,Cornwall,6.5,65.00%,6.6,16.3,64.37%,64.68%
305/738,246/625,NO CHANGE,St Paul,Trenton,6.5,65.00%,6.6,16.3,64.37%,64.68%
305/738,284/625,NO CHANGE,Kitchener Waterloo,Kitchener,6.5,65.00%,6.4,16.3,64.37%,64.68%
305/738,284/625,NO CHANGE,Listowel,Listowel,6.5,65.00%,6.4,16.3,64.37%,64.68%
305/738,284/625,NO CHANGE,Walkerville,Windsor,6.5,65.00%,6.4,16.3,64.37%,64.68%
305/738,314/625,NO CHANGE,Hillcrest,Ottawa,6.5,65.00%,6.2,16.3,64.37%,64.68%
305/738,314/625,NO CHANGE,Marshall McLuhan,Toronto,6.5,65.00%,6.2,16.3,64.37%,64.68%
305/738,334/625,NO CHANGE,St Augustine,Brampton,6.5,65.00%,6.1,16.3,64.37%,64.68%
305/738,356/625,NO CHANGE,Holy Cross,Peterborough,6.5,65.00%,6,16.3,64.37%,64.68%
305/738,356/625,UPTREND,Monseigneur-Bruyère,London,6.5,65.00%,6,16.3,64.37%,64.68%
305/738,372/625,NO CHANGE,M M Robinson,Burlington,6.5,65.00%,5.9,16.3,64.37%,64.68%
305/738,372/625,NO CHANGE,Stephen Leacock,Toronto,6.5,65.00%,5.9,16.3,64.37%,64.68%
305/738,385/625,NO CHANGE,Monsignor Doyle,Cambridge,6.5,65.00%,5.8,16.3,64.37%,64.68%
305/738,385/625,NO CHANGE,Vankleek Hill,Vankleek Hill,6.5,65.00%,5.8,16.3,64.37%,64.68%
305/738,n/a,NO CHANGE,Mer Bleue,Orléans,6.5,65.00%,n/a,16.3,64.37%,64.68%
325/738,129/625,DOWNTREND,Loretto Abbey,Toronto,6.4,64.00%,7.3,16.3,64.37%,64.18%
325/738,148/625,DOWNTREND,Neil McNeil,Toronto,6.4,64.00%,7.2,16.3,64.37%,64.18%
325/738,229/625,NO CHANGE,Franco-Cité,Ottawa,6.4,64.00%,6.7,16.3,64.37%,64.18%
325/738,264/625,NO CHANGE,Father Bressani,Woodbridge,6.4,64.00%,6.5,16.3,64.37%,64.18%
325/738,284/625,NO CHANGE,Chaminade,Toronto,6.4,64.00%,6.4,16.3,64.37%,64.18%
325/738,314/625,NO CHANGE,Acton,Acton,6.4,64.00%,6.2,16.3,64.37%,64.18%
325/738,314/625,NO CHANGE,Collingwood,Collingwood,6.4,64.00%,6.2,16.3,64.37%,64.18%
325/738,314/625,NO CHANGE,Elliot Lake,Elliot Lake,6.4,64.00%,6.2,16.3,64.37%,64.18%
325/738,314/625,NO CHANGE,Georgian Bay,Meaford,6.4,64.00%,6.2,16.3,64.37%,64.18%
325/738,314/625,NO CHANGE,Grand River,Kitchener,6.4,64.00%,6.2,16.3,64.37%,64.18%
325/738,334/625,NO CHANGE,St Charles,Sudbury,6.4,64.00%,6.1,16.3,64.37%,64.18%
325/738,334/625,NO CHANGE,St Thomas Aquinas,Brampton,6.4,64.00%,6.1,16.3,64.37%,64.18%
325/738,356/625,NO CHANGE,St Benedict,Cambridge,6.4,64.00%,6,16.3,64.37%,64.18%
325/738,440/625,UPTREND,St Patrick's,Ottawa,6.4,64.00%,5.3,16.3,64.37%,64.18%
325/738,478/625,UPTREND,North Dundas,Chesterville,6.4,64.00%,5,16.3,64.37%,64.18%
325/738,n/a,NO CHANGE,Erindale,Mississauga,6.4,64.00%,n/a,16.3,64.37%,64.18%
325/738,n/a,NO CHANGE,Louise Arbour,Brampton,6.4,64.00%,n/a,16.3,64.37%,64.18%
325/738,n/a,NO CHANGE,Orillia,Orillia,6.4,64.00%,n/a,16.3,64.37%,64.18%
344/738,148/625,DOWNTREND,Harbord,Toronto,6.3,63.00%,7.2,16.3,64.37%,63.68%
344/738,163/625,DOWNTREND,North Grenville,Kemptville,6.3,63.00%,7.1,16.3,64.37%,63.68%
344/738,163/625,DOWNTREND,St. Michael,Bolton,6.3,63.00%,7.1,16.3,64.37%,63.68%
344/738,184/625,NO CHANGE,Lord Dorchester,Dorchester,6.3,63.00%,7,16.3,64.37%,63.68%
344/738,202/625,NO CHANGE,St Thomas Aquinas,Lindsay,6.3,63.00%,6.9,16.3,64.37%,63.68%
344/738,229/625,NO CHANGE,Bishop Smith,Pembroke,6.3,63.00%,6.7,16.3,64.37%,63.68%
344/738,229/625,NO CHANGE,Kingsville,Kingsville,6.3,63.00%,6.7,16.3,64.37%,63.68%
344/738,229/625,NO CHANGE,St Stephen's,Bowmanville,6.3,63.00%,6.7,16.3,64.37%,63.68%
344/738,246/625,DOWNTREND,Atikokan,Atikokan,6.3,63.00%,6.6,16.3,64.37%,63.68%
344/738,246/625,DOWNTREND,St Pius X,Ottawa,6.3,63.00%,6.6,16.3,64.37%,63.68%
344/738,246/625,NO CHANGE,St. Andre Bessette,London,6.3,63.00%,6.6,16.3,64.37%,63.68%
344/738,264/625,DOWNTREND,Father Michael Goetz,Mississauga,6.3,63.00%,6.5,16.3,64.37%,63.68%
344/738,264/625,NO CHANGE,St John,Perth,6.3,63.00%,6.5,16.3,64.37%,63.68%
344/738,264/625,NO CHANGE,St Paul,Ottawa,6.3,63.00%,6.5,16.3,64.37%,63.68%
344/738,284/625,NO CHANGE,Adam Scott,Peterborough,6.3,63.00%,6.4,16.3,64.37%,63.68%
344/738,284/625,NO CHANGE,Cardinal Leger,Brampton,6.3,63.00%,6.4,16.3,64.37%,63.68%
344/738,284/625,NO CHANGE,Leamington,Leamington,6.3,63.00%,6.4,16.3,64.37%,63.68%
344/738,284/625,NO CHANGE,St Joseph-Scollard Hall,North Bay,6.3,63.00%,6.4,16.3,64.37%,63.68%
344/738,301/625,NO CHANGE,Huron Heights,Kitchener,6.3,63.00%,6.3,16.3,64.37%,63.68%
344/738,314/625,NO CHANGE,Kincardine,Kincardine,6.3,63.00%,6.2,16.3,64.37%,63.68%
344/738,334/625,NO CHANGE,Gabriel-Dumont,London,6.3,63.00%,6.1,16.3,64.37%,63.68%
344/738,334/625,NO CHANGE,Hammarskjold,Thunder Bay,6.3,63.00%,6.1,16.3,64.37%,63.68%
344/738,334/625,NO CHANGE,Sir Oliver Mowat,Toronto,6.3,63.00%,6.1,16.3,64.37%,63.68%
344/738,356/625,NO CHANGE,West Ferris,North Bay,6.3,63.00%,6,16.3,64.37%,63.68%
344/738,372/625,NO CHANGE,West Humber,Toronto,6.3,63.00%,5.9,16.3,64.37%,63.68%
344/738,416/625,UPTREND,Archbishop Denis O'Connor,Ajax,6.3,63.00%,5.5,16.3,64.37%,63.68%
344/738,n/a,NO CHANGE,Abraar,Ottawa,6.3,63.00%,n/a,16.3,64.37%,63.68%
344/738,n/a,NO CHANGE,Fletcher's Meadow,Brampton,6.3,63.00%,n/a,16.3,64.37%,63.68%
344/738,n/a,NO CHANGE,Osgoode Township,Metcalfe,6.3,63.00%,n/a,16.3,64.37%,63.68%
373/738,163/625,DOWNTREND,St Martin,Mississauga,6.2,62.00%,7.1,16.3,64.37%,63.18%
373/738,214/625,NO CHANGE,St Maximilian Kolbe,Aurora,6.2,62.00%,6.8,16.3,64.37%,63.18%
373/738,246/625,NO CHANGE,Robert F Hall,Caledon East,6.2,62.00%,6.6,16.3,64.37%,63.18%
373/738,264/625,NO CHANGE,Holy Cross,Kingston,6.2,62.00%,6.5,16.3,64.37%,63.18%
373/738,264/625,DOWNTREND,King City,King City,6.2,62.00%,6.5,16.3,64.37%,63.18%
373/738,264/625,DOWNTREND,Saint Paul,Niagara Falls,6.2,62.00%,6.5,16.3,64.37%,63.18%
373/738,264/625,DOWNTREND,St Mary's,Kitchener,6.2,62.00%,6.5,16.3,64.37%,63.18%
373/738,301/625,NO CHANGE,Dr John M Denison,Newmarket,6.2,62.00%,6.3,16.3,64.37%,63.18%
373/738,301/625,NO CHANGE,North Park,Brantford,6.2,62.00%,6.3,16.3,64.37%,63.18%
373/738,314/625,NO CHANGE,Lakeshore,Port Colborne,6.2,62.00%,6.2,16.3,64.37%,63.18%
373/738,334/625,NO CHANGE,Huron Heights,Newmarket,6.2,62.00%,6.1,16.3,64.37%,63.18%
373/738,334/625,NO CHANGE,Patrick Fogarty,Orillia,6.2,62.00%,6.1,16.3,64.37%,63.18%
373/738,334/625,NO CHANGE,Southwood,Cambridge,6.2,62.00%,6.1,16.3,64.37%,63.18%
373/738,400/625,NO CHANGE,Holy Cross,Woodbridge,6.2,62.00%,5.7,16.3,64.37%,63.18%
373/738,558/625,NO CHANGE,Macdonald-Cartier,Sudbury,6.2,62.00%,4.1,16.3,64.37%,63.18%
390/738,229/625,NO CHANGE,Banting Memorial,Alliston,6.1,61.00%,6.7,16.3,64.37%,62.68%
390/738,246/625,NO CHANGE,St Patrick's,Sarnia,6.1,61.00%,6.6,16.3,64.37%,62.68%
390/738,264/625,NO CHANGE,Albert Campbell,Toronto,6.1,61.00%,6.5,16.3,64.37%,62.68%
390/738,264/625,DOWNTREND,Holy Trinity,Courtice,6.1,61.00%,6.5,16.3,64.37%,62.68%
390/738,264/625,NO CHANGE,St Mary's,Woodstock,6.1,61.00%,6.5,16.3,64.37%,62.68%
390/738,284/625,NO CHANGE,Denis Morris,St Catharines,6.1,61.00%,6.4,16.3,64.37%,62.68%
390/738,284/625,NO CHANGE,St Anne's,Clinton,6.1,61.00%,6.4,16.3,64.37%,62.68%
390/738,301/625,NO CHANGE,Westlane,Niagara Falls,6.1,61.00%,6.3,16.3,64.37%,62.68%
390/738,314/625,NO CHANGE,Monarch Park,Toronto,6.1,61.00%,6.2,16.3,64.37%,62.68%
390/738,314/625,NO CHANGE,Sydenham,Sydenham,6.1,61.00%,6.2,16.3,64.37%,62.68%
390/738,334/625,NO CHANGE,Plantagenet,Plantagenet,6.1,61.00%,6.1,16.3,64.37%,62.68%
390/738,356/625,NO CHANGE,de Casselman,Casselman,6.1,61.00%,6,16.3,64.37%,62.68%
390/738,356/625,NO CHANGE,Deslauriers,Nepean,6.1,61.00%,6,16.3,64.37%,62.68%
390/738,372/625,NO CHANGE,Goderich,Goderich,6.1,61.00%,5.9,16.3,64.37%,62.68%
390/738,385/625,NO CHANGE,Saltfleet,Stoney Creek,6.1,61.00%,5.8,16.3,64.37%,62.68%
390/738,410/625,NO CHANGE,Catholic Central,London,6.1,61.00%,5.6,16.3,64.37%,62.68%
390/738,416/625,UPTREND,Carleton Place,Carleton Place,6.1,61.00%,5.5,16.3,64.37%,62.68%
390/738,416/625,NO CHANGE,Nantyr Shores,Innisfil,6.1,61.00%,5.5,16.3,64.37%,62.68%
390/738,440/625,NO CHANGE,Hawkesbury,Hawkesbury,6.1,61.00%,5.3,16.3,64.37%,62.68%
390/738,467/625,NO CHANGE,Lester B Pearson,Gloucester,6.1,61.00%,5.1,16.3,64.37%,62.68%
390/738,n/a,NO CHANGE,Central Peel,Brampton,6.1,61.00%,n/a,16.3,64.37%,62.68%
390/738,n/a,NO CHANGE,Clarkson,Mississauga,6.1,61.00%,n/a,16.3,64.37%,62.68%
390/738,n/a,NO CHANGE,Gordon Graydon,Mississauga,6.1,61.00%,n/a,16.3,64.37%,62.68%
390/738,n/a,NO CHANGE,Huntsville,Huntsville,6.1,61.00%,n/a,16.3,64.37%,62.68%
414/738,148/625,DOWNTREND,Kingston,Kingston,6,60.00%,7.2,16.3,64.37%,62.18%
414/738,229/625,NO CHANGE,Bradford,Bradford,6,60.00%,6.7,16.3,64.37%,62.18%
414/738,264/625,NO CHANGE,Assumption,Brantford,6,60.00%,6.5,16.3,64.37%,62.18%
414/738,301/625,DOWNTREND,Chatham-Kent,Chatham,6,60.00%,6.3,16.3,64.37%,62.18%
414/738,314/625,NO CHANGE,Barrie North,Barrie,6,60.00%,6.2,16.3,64.37%,62.18%
414/738,314/625,NO CHANGE,Bowmanville,Bowmanville,6,60.00%,6.2,16.3,64.37%,62.18%
414/738,314/625,NO CHANGE,MacKenzie,Deep River,6,60.00%,6.2,16.3,64.37%,62.18%
414/738,334/625,NO CHANGE,Bear Creek,Barrie,6,60.00%,6.1,16.3,64.37%,62.18%
414/738,356/625,NO CHANGE,Ascension of Our Lord,Mississauga,6,60.00%,6,16.3,64.37%,62.18%
414/738,356/625,NO CHANGE,John Diefenbaker,Hanover,6,60.00%,6,16.3,64.37%,62.18%
414/738,460/625,UPTREND,Blessed Mother Teresa,Toronto,6,60.00%,5.2,16.3,64.37%,62.18%
414/738,467/625,NO CHANGE,Westminster,London,6,60.00%,5.1,16.3,64.37%,62.18%
414/738,496/625,NO CHANGE,East York,Toronto,6,60.00%,4.8,16.3,64.37%,62.18%
414/738,n/a,NO CHANGE,O'Neill,Oshawa,6,60.00%,n/a,16.3,64.37%,62.18%
414/738,n/a,NO CHANGE,Port Perry,Port Perry,6,60.00%,n/a,16.3,64.37%,62.18%
430/738,334/625,NO CHANGE,East Northumberland,Brighton,5.9,59.00%,6.1,16.3,64.37%,61.68%
430/738,334/625,NO CHANGE,Embrun,Embrun,5.9,59.00%,6.1,16.3,64.37%,61.68%
430/738,334/625,NO CHANGE,Strathroy District,Strathroy,5.9,59.00%,6.1,16.3,64.37%,61.68%
430/738,356/625,NO CHANGE,St Mary,Pickering,5.9,59.00%,6,16.3,64.37%,61.68%
430/738,372/625,NO CHANGE,St Marys,St Marys,5.9,59.00%,5.9,16.3,64.37%,61.68%
430/738,385/625,NO CHANGE,Brebeuf,Toronto,5.9,59.00%,5.8,16.3,64.37%,61.68%
430/738,400/625,NO CHANGE,Campbellford,Campbellford,5.9,59.00%,5.7,16.3,64.37%,61.68%
430/738,410/625,NO CHANGE,Riverside,Windsor,5.9,59.00%,5.6,16.3,64.37%,61.68%
430/738,489/625,NO CHANGE,Red Lake,Red Lake,5.9,59.00%,4.9,16.3,64.37%,61.68%
430/738,n/a,NO CHANGE,Georges Vanier,Toronto,5.9,59.00%,n/a,16.3,64.37%,61.68%
430/738,n/a,NO CHANGE,Pine Ridge,Pickering,5.9,59.00%,n/a,16.3,64.37%,61.68%
443/738,163/625,DOWNTREND,Blessed Trinity,Grimsby,5.8,58.00%,7.1,16.3,64.37%,61.18%
443/738,214/625,DOWNTREND,South Huron,Exeter,5.8,58.00%,6.8,16.3,64.37%,61.18%
443/738,229/625,DOWNTREND,St James,Guelph,5.8,58.00%,6.7,16.3,64.37%,61.18%
443/738,246/625,NO CHANGE,Roméo Dallaire,Barrie,5.8,58.00%,6.6,16.3,64.37%,61.18%
443/738,264/625,DOWNTREND,Bayside,Belleville,5.8,58.00%,6.5,16.3,64.37%,61.18%
443/738,264/625,NO CHANGE,Central Elgin,St Thomas,5.8,58.00%,6.5,16.3,64.37%,61.18%
443/738,284/625,NO CHANGE,St Mary,Cobourg,5.8,58.00%,6.4,16.3,64.37%,61.18%
443/738,334/625,NO CHANGE,Jean Vanier,Collingwood,5.8,58.00%,6.1,16.3,64.37%,61.18%
443/738,334/625,NO CHANGE,Pope John Paul II,Toronto,5.8,58.00%,6.1,16.3,64.37%,61.18%
443/738,356/625,NO CHANGE,Franco-Cité,Sturgeon Falls,5.8,58.00%,6,16.3,64.37%,61.18%
443/738,385/625,NO CHANGE,Mère-Teresa,Hamilton,5.8,58.00%,5.8,16.3,64.37%,61.18%
443/738,400/625,NO CHANGE,Nouvelle-Alliance,Barrie,5.8,58.00%,5.7,16.3,64.37%,61.18%
443/738,416/625,UPTREND,Perth and District,Perth,5.8,58.00%,5.5,16.3,64.37%,61.18%
443/738,426/625,NO CHANGE,Clarington Central,Bowmanville,5.8,58.00%,5.4,16.3,64.37%,61.18%
443/738,440/625,UPTREND,Cayuga,Cayuga,5.8,58.00%,5.3,16.3,64.37%,61.18%
443/738,440/625,NO CHANGE,North Middlesex,Parkhill,5.8,58.00%,5.3,16.3,64.37%,61.18%
443/738,540/625,UPTREND,Le Caron,Penetanguishene,5.8,58.00%,4.4,16.3,64.37%,61.18%
443/738,n/a,NO CHANGE,I E Weldon,Lindsay,5.8,58.00%,n/a,16.3,64.37%,61.18%
461/738,301/625,DOWNTREND,Notre Dame,Welland,5.7,57.00%,6.3,16.3,64.37%,60.68%
461/738,314/625,DOWNTREND,Innisdale,Barrie,5.7,57.00%,6.2,16.3,64.37%,60.68%
461/738,334/625,NO CHANGE,Lambton Central,Petrolia,5.7,57.00%,6.1,16.3,64.37%,60.68%
461/738,385/625,NO CHANGE,Glendale,Tillsonburg,5.7,57.00%,5.8,16.3,64.37%,60.68%
461/738,385/625,NO CHANGE,Jacob Hespeler,Cambridge,5.7,57.00%,5.8,16.3,64.37%,60.68%
461/738,385/625,NO CHANGE,London South,London,5.7,57.00%,5.8,16.3,64.37%,60.68%
461/738,416/625,NO CHANGE,Superior CVI,Thunder Bay,5.7,57.00%,5.5,16.3,64.37%,60.68%
461/738,426/625,NO CHANGE,Opeongo,Douglas,5.7,57.00%,5.4,16.3,64.37%,60.68%
461/738,426/625,NO CHANGE,St Dominic,Bracebridge,5.7,57.00%,5.4,16.3,64.37%,60.68%
461/738,440/625,NO CHANGE,Monsignor Paul Dwyer,Oshawa,5.7,57.00%,5.3,16.3,64.37%,60.68%
461/738,467/625,UPTREND,Glenview Park,Cambridge,5.7,57.00%,5.1,16.3,64.37%,60.68%
461/738,507/625,NO CHANGE,Greater Fort Erie,Fort Erie,5.7,57.00%,4.7,16.3,64.37%,60.68%
461/738,519/625,UPTREND,Danforth,Toronto,5.7,57.00%,4.6,16.3,64.37%,60.68%
461/738,526/625,UPTREND,Sacré-Coeur,Sudbury,5.7,57.00%,4.5,16.3,64.37%,60.68%
461/738,n/a,NO CHANGE,Ajax,Ajax,5.7,57.00%,n/a,16.3,64.37%,60.68%
461/738,n/a,NO CHANGE,The Humberview,Bolton,5.7,57.00%,n/a,16.3,64.37%,60.68%
477/738,301/625,NO CHANGE,Crestwood,Peterborough,5.6,56.00%,6.3,16.3,64.37%,60.18%
477/738,301/625,NO CHANGE,St Thomas Aquinas,Kenora,5.6,56.00%,6.3,16.3,64.37%,60.18%
477/738,356/625,NO CHANGE,Bishop Ryan,Hamilton,5.6,56.00%,6,16.3,64.37%,60.18%
477/738,372/625,NO CHANGE,Paris,Paris,5.6,56.00%,5.9,16.3,64.37%,60.18%
477/738,400/625,NO CHANGE,St Jean de Brebeuf,Woodbridge,5.6,56.00%,5.7,16.3,64.37%,60.18%
477/738,410/625,NO CHANGE,Delhi,Delhi,5.6,56.00%,5.6,16.3,64.37%,60.18%
477/738,416/625,NO CHANGE,Wexford Collegiate-Arts,Toronto,5.6,56.00%,5.5,16.3,64.37%,60.18%
477/738,426/625,NO CHANGE,Algonquin,North Bay,5.6,56.00%,5.4,16.3,64.37%,60.18%
477/738,440/625,NO CHANGE,Almonte,Almonte,5.6,56.00%,5.3,16.3,64.37%,60.18%
477/738,440/625,NO CHANGE,St Basil The Great,Toronto,5.6,56.00%,5.3,16.3,64.37%,60.18%
477/738,440/625,NO CHANGE,Timiskaming District,New Liskeard,5.6,56.00%,5.3,16.3,64.37%,60.18%
477/738,478/625,UPTREND,Kenner,Peterborough,5.6,56.00%,5,16.3,64.37%,60.18%
477/738,496/625,NO CHANGE,Woodstock,Woodstock,5.6,56.00%,4.8,16.3,64.37%,60.18%
477/738,n/a,NO CHANGE,Brock,Cannington,5.6,56.00%,n/a,16.3,64.37%,60.18%
477/738,n/a,NO CHANGE,David Suzuki,Brampton,5.6,56.00%,n/a,16.3,64.37%,60.18%
492/738,163/625,DOWNTREND,Delphi Alternative,Toronto,5.5,55.00%,7.1,16.3,64.37%,59.68%
492/738,246/625,DOWNTREND,La Salle,Kingston,5.5,55.00%,6.6,16.3,64.37%,59.68%
492/738,356/625,NO CHANGE,Jean-Vanier,Welland,5.5,55.00%,6,16.3,64.37%,59.68%
492/738,372/625,DOWNTREND,Simcoe,Simcoe,5.5,55.00%,5.9,16.3,64.37%,59.68%
492/738,385/625,NO CHANGE,St Patrick,Thunder Bay,5.5,55.00%,5.8,16.3,64.37%,59.68%
492/738,416/625,NO CHANGE,de la Verendrye,Thunder Bay,5.5,55.00%,5.5,16.3,64.37%,59.68%
492/738,416/625,NO CHANGE,St Joseph's,Barrie,5.5,55.00%,5.5,16.3,64.37%,59.68%
492/738,426/625,NO CHANGE,Huron Park,Woodstock,5.5,55.00%,5.4,16.3,64.37%,59.68%
492/738,426/625,NO CHANGE,Ingersoll District,Ingersoll,5.5,55.00%,5.4,16.3,64.37%,59.68%
492/738,426/625,NO CHANGE,Lambton Kent,Dresden,5.5,55.00%,5.4,16.3,64.37%,59.68%
492/738,n/a,NO CHANGE,Haliburton Highland,Haliburton,5.5,55.00%,n/a,16.3,64.37%,59.68%
492/738,n/a,NO CHANGE,Sandalwood Heights,Brampton,5.5,55.00%,n/a,16.3,64.37%,59.68%
492/738,n/a,NO CHANGE,Sudbury,Sudbury,5.5,55.00%,n/a,16.3,64.37%,59.68%
505/738,301/625,NO CHANGE,Étienne-Brûlé,Toronto,5.4,54.00%,6.3,16.3,64.37%,59.18%
505/738,314/625,NO CHANGE,Bayridge,Kingston,5.4,54.00%,6.2,16.3,64.37%,59.18%
505/738,334/625,NO CHANGE,Norwell,Palmerston,5.4,54.00%,6.1,16.3,64.37%,59.18%
505/738,400/625,DOWNTREND,St Thomas More,Hamilton,5.4,54.00%,5.7,16.3,64.37%,59.18%
505/738,410/625,NO CHANGE,St Jean de Brebeuf,Hamilton,5.4,54.00%,5.6,16.3,64.37%,59.18%
505/738,440/625,NO CHANGE,Stratford Northwestern,Stratford,5.4,54.00%,5.3,16.3,64.37%,59.18%
505/738,460/625,NO CHANGE,St Mary's,Sault Ste. Marie,5.4,54.00%,5.2,16.3,64.37%,59.18%
505/738,460/625,NO CHANGE,St Peter's,Barrie,5.4,54.00%,5.2,16.3,64.37%,59.18%
505/738,467/625,NO CHANGE,James Cardinal McGuigan,Toronto,5.4,54.00%,5.1,16.3,64.37%,59.18%
505/738,545/625,NO CHANGE,Timmins,Timmins,5.4,54.00%,4.3,16.3,64.37%,59.18%
505/738,n/a,NO CHANGE,Lindsay,Lindsay,5.4,54.00%,n/a,16.3,64.37%,59.18%
516/738,334/625,NO CHANGE,St Francis Xavier,Hammond,5.3,53.00%,6.1,16.3,64.37%,58.68%
516/738,385/625,NO CHANGE,Widdifield,North Bay,5.3,53.00%,5.8,16.3,64.37%,58.68%
516/738,426/625,NO CHANGE,Nottawasaga Pines,Angus,5.3,53.00%,5.4,16.3,64.37%,58.68%
516/738,440/625,NO CHANGE,Madonna,Toronto,5.3,53.00%,5.3,16.3,64.37%,58.68%
516/738,489/625,NO CHANGE,Keswick,Keswick,5.3,53.00%,4.9,16.3,64.37%,58.68%
516/738,489/625,NO CHANGE,Madawaska Valley,Barry's Bay,5.3,53.00%,4.9,16.3,64.37%,58.68%
516/738,496/625,NO CHANGE,Le Relais,Alexandria,5.3,53.00%,4.8,16.3,64.37%,58.68%
516/738,496/625,NO CHANGE,Monsignor Percy Johnson,Toronto,5.3,53.00%,4.8,16.3,64.37%,58.68%
516/738,526/625,NO CHANGE,West Elgin,West Lorne,5.3,53.00%,4.5,16.3,64.37%,58.68%
516/738,551/625,UPTREND,Stamford,Niagara Falls,5.3,53.00%,4.2,16.3,64.37%,58.68%
516/738,558/625,UPTREND,Father Henry Carr,Toronto,5.3,53.00%,4.1,16.3,64.37%,58.68%
516/738,n/a,NO CHANGE,DSBN Academy,St Catharines,5.3,53.00%,n/a,16.3,64.37%,58.68%
516/738,n/a,NO CHANGE,Lincoln M Alexander,Mississauga,5.3,53.00%,n/a,16.3,64.37%,58.68%
529/738,229/625,NO CHANGE,Clarke,Newcastle,5.2,52.00%,6.7,16.3,64.37%,58.18%
529/738,385/625,DOWNTREND,Centennial,Belleville,5.2,52.00%,5.8,16.3,64.37%,58.18%
529/738,385/625,NO CHANGE,St Mary's,Toronto,5.2,52.00%,5.8,16.3,64.37%,58.18%
529/738,489/625,NO CHANGE,Parkdale,Toronto,5.2,52.00%,4.9,16.3,64.37%,58.18%
529/738,526/625,NO CHANGE,Bishop Marrocco/Thomas Merton,Toronto,5.2,52.00%,4.5,16.3,64.37%,58.18%
529/738,n/a,NO CHANGE,de-Lamothe-Cadillac,Windsor,5.2,52.00%,n/a,16.3,64.37%,58.18%
529/738,n/a,NO CHANGE,Holy Trinity,Bradford,5.2,52.00%,n/a,16.3,64.37%,58.18%
536/738,356/625,DOWNTREND,Woburn,Toronto,5.1,51.00%,6,16.3,64.37%,57.68%
536/738,372/625,NO CHANGE,La Citadelle,Cornwall,5.1,51.00%,5.9,16.3,64.37%,57.68%
536/738,372/625,NO CHANGE,North Lambton,Forest,5.1,51.00%,5.9,16.3,64.37%,57.68%
536/738,385/625,DOWNTREND,Cardinal Newman,Toronto,5.1,51.00%,5.8,16.3,64.37%,57.68%
536/738,385/625,NO CHANGE,St Josephs Morrow Park,Toronto,5.1,51.00%,5.8,16.3,64.37%,57.68%
536/738,400/625,NO CHANGE,Korah,Sault Ste. Marie,5.1,51.00%,5.7,16.3,64.37%,57.68%
536/738,400/625,NO CHANGE,Thomas A Stewart,Peterborough,5.1,51.00%,5.7,16.3,64.37%,57.68%
536/738,410/625,DOWNTREND,St Theresa,Belleville,5.1,51.00%,5.6,16.3,64.37%,57.68%
536/738,440/625,NO CHANGE,Moira,Belleville,5.1,51.00%,5.3,16.3,64.37%,57.68%
536/738,460/625,NO CHANGE,St Joan of Arc,Maple,5.1,51.00%,5.2,16.3,64.37%,57.68%
536/738,467/625,NO CHANGE,Seaway,Iroquois,5.1,51.00%,5.1,16.3,64.37%,57.68%
536/738,496/625,NO CHANGE,Sir Wilfrid Laurier,London,5.1,51.00%,4.8,16.3,64.37%,57.68%
536/738,507/625,NO CHANGE,Dryden,Dryden,5.1,51.00%,4.7,16.3,64.37%,57.68%
536/738,519/625,NO CHANGE,Hon W C Kennedy,Windsor,5.1,51.00%,4.6,16.3,64.37%,57.68%
536/738,540/625,NO CHANGE,Valley Heights,Langton,5.1,51.00%,4.4,16.3,64.37%,57.68%
536/738,n/a,NO CHANGE,Gravenhurst,Gravenhurst,5.1,51.00%,n/a,16.3,64.37%,57.68%
536/738,n/a,NO CHANGE,Valour,Petawawa,5.1,51.00%,n/a,16.3,64.37%,57.68%
555/738,385/625,NO CHANGE,L'Amoreaux,Toronto,5,50.00%,5.8,16.3,64.37%,57.18%
555/738,400/625,DOWNTREND,l'Essor,Tecumseh,5,50.00%,5.7,16.3,64.37%,57.18%
555/738,416/625,DOWNTREND,Bishop Alexander Carter,Hanmer,5,50.00%,5.5,16.3,64.37%,57.18%
555/738,426/625,NO CHANGE,Central Huron,Clinton,5,50.00%,5.4,16.3,64.37%,57.18%
555/738,426/625,NO CHANGE,Saunders,London,5,50.00%,5.4,16.3,64.37%,57.18%
555/738,426/625,DOWNTREND,Thousand Islands,Brockville,5,50.00%,5.4,16.3,64.37%,57.18%
555/738,440/625,NO CHANGE,Brantford,Brantford,5,50.00%,5.3,16.3,64.37%,57.18%
555/738,467/625,NO CHANGE,St Theresa's,Midland,5,50.00%,5.1,16.3,64.37%,57.18%
555/738,489/625,NO CHANGE,Collège Notre-Dame,Sudbury,5,50.00%,4.9,16.3,64.37%,57.18%
555/738,489/625,NO CHANGE,Superior Heights,Sault Ste. Marie,5,50.00%,4.9,16.3,64.37%,57.18%
555/738,489/625,NO CHANGE,Walkerton,Walkerton,5,50.00%,4.9,16.3,64.37%,57.18%
555/738,551/625,NO CHANGE,Hagersville,Hagersville,5,50.00%,4.2,16.3,64.37%,57.18%
555/738,566/625,UPTREND,Beaver Brae,Kenora,5,50.00%,4,16.3,64.37%,57.18%
555/738,n/a,NO CHANGE,Fenelon Falls,Fenelon Falls,5,50.00%,n/a,16.3,64.37%,57.18%
569/738,416/625,DOWNTREND,St Mary's,Owen Sound,4.9,49.00%,5.5,16.3,64.37%,56.68%
569/738,426/625,NO CHANGE,St Joan of Arc,Barrie,4.9,49.00%,5.4,16.3,64.37%,56.68%
569/738,467/625,NO CHANGE,F E Madill,Wingham,4.9,49.00%,5.1,16.3,64.37%,56.68%
569/738,478/625,NO CHANGE,McKinnon Park,Caledonia,4.9,49.00%,5,16.3,64.37%,56.68%
569/738,526/625,UPTREND,H B Beal,London,4.9,49.00%,4.5,16.3,64.37%,56.68%
569/738,526/625,NO CHANGE,John McGregor,Chatham,4.9,49.00%,4.5,16.3,64.37%,56.68%
569/738,578/625,UPTREND,St Catharines,St Catharines,4.9,49.00%,3.8,16.3,64.37%,56.68%
569/738,n/a,NO CHANGE,Bramalea,Brampton,4.9,49.00%,n/a,16.3,64.37%,56.68%
569/738,n/a,NO CHANGE,Brookfield,Ottawa,4.9,49.00%,n/a,16.3,64.37%,56.68%
569/738,n/a,NO CHANGE,Eastdale,Oshawa,4.9,49.00%,n/a,16.3,64.37%,56.68%
569/738,n/a,NO CHANGE,Manitoulin,M'Chigeeng,4.9,49.00%,n/a,16.3,64.37%,56.68%
580/738,356/625,DOWNTREND,St Thomas Aquinas,Tottenham,4.8,48.00%,6,16.3,64.37%,56.18%
580/738,400/625,DOWNTREND,Parkside,St Thomas,4.8,48.00%,5.7,16.3,64.37%,56.18%
580/738,440/625,DOWNTREND,W F Herman,Windsor,4.8,48.00%,5.3,16.3,64.37%,56.18%
580/738,478/625,NO CHANGE,Al-Risala,Mississauga,4.8,48.00%,5,16.3,64.37%,56.18%
580/738,496/625,NO CHANGE,Western,Toronto,4.8,48.00%,4.8,16.3,64.37%,56.18%
580/738,507/625,NO CHANGE,Centre Hastings,Madoc,4.8,48.00%,4.7,16.3,64.37%,56.18%
580/738,551/625,NO CHANGE,Birchmount Park,Toronto,4.8,48.00%,4.2,16.3,64.37%,56.18%
580/738,n/a,NO CHANGE,Heart Lake,Brampton,4.8,48.00%,n/a,16.3,64.37%,56.18%
580/738,n/a,NO CHANGE,Lively,Lively,4.8,48.00%,n/a,16.3,64.37%,56.18%
590/738,334/625,NO CHANGE,Sainte-Marie,New Liskeard,4.7,47.00%,6.1,16.3,64.37%,55.68%
590/738,356/625,NO CHANGE,Rideau,Elgin,4.7,47.00%,6,16.3,64.37%,55.68%
590/738,426/625,DOWNTREND,Notre Dame,Ottawa,4.7,47.00%,5.4,16.3,64.37%,55.68%
590/738,440/625,DOWNTREND,Gloucester,Gloucester,4.7,47.00%,5.3,16.3,64.37%,55.68%
590/738,496/625,NO CHANGE,Central Algoma,Desbarats,4.7,47.00%,4.8,16.3,64.37%,55.68%
590/738,496/625,NO CHANGE,Thistletown,Toronto,4.7,47.00%,4.8,16.3,64.37%,55.68%
590/738,n/a,NO CHANGE,Franco-Ouest,Espanola,4.7,47.00%,n/a,16.3,64.37%,55.68%
590/738,n/a,NO CHANGE,Lasalle,Sudbury,4.7,47.00%,n/a,16.3,64.37%,55.68%
598/738,426/625,NO CHANGE,Westgate,Thunder Bay,4.6,46.00%,5.4,16.3,64.37%,55.18%
598/738,440/625,NO CHANGE,Wellington Heights,Mount Forest,4.6,46.00%,5.3,16.3,64.37%,55.18%
598/738,467/625,NO CHANGE,Parry Sound,Parry Sound,4.6,46.00%,5.1,16.3,64.37%,55.18%
598/738,507/625,NO CHANGE,Granite Ridge,Sharbot Lake,4.6,46.00%,4.7,16.3,64.37%,55.18%
598/738,507/625,NO CHANGE,Sherwood,Hamilton,4.6,46.00%,4.7,16.3,64.37%,55.18%
598/738,593/625,UPTREND,South Grenville,Prescott,4.6,46.00%,3.5,16.3,64.37%,55.18%
598/738,599/625,NO CHANGE,Delta,Hamilton,4.6,46.00%,3.2,16.3,64.37%,55.18%
598/738,n/a,NO CHANGE,Chelmsford Valley,Chelmsford,4.6,46.00%,n/a,16.3,64.37%,55.18%
598/738,n/a,NO CHANGE,Great Lakes,Sarnia,4.6,46.00%,n/a,16.3,64.37%,55.18%
84/738,n/a,NO CHANGE,North Park,Brampton,7.8,78.00%,n/a,19.6,45.40%,61.70%
607/738,440/625,NO CHANGE,Holy Cross,Strathroy,4.5,45.00%,5.3,16.3,64.37%,54.68%
607/738,467/625,NO CHANGE,Elmvale,Elmvale,4.5,45.00%,5.1,16.3,64.37%,54.68%
607/738,467/625,NO CHANGE,Napanee,Napanee,4.5,45.00%,5.1,16.3,64.37%,54.68%
607/738,478/625,NO CHANGE,Thorold,Thorold,4.5,45.00%,5,16.3,64.37%,54.68%
607/738,507/625,NO CHANGE,John Paul II,London,4.5,45.00%,4.7,16.3,64.37%,54.68%
607/738,507/625,DOWNTREND,Sir Allan MacNab,Hamilton,4.5,45.00%,4.7,16.3,64.37%,54.68%
607/738,526/625,NO CHANGE,l'Horizon,Val Caron,4.5,45.00%,4.5,16.3,64.37%,54.68%
607/738,591/625,NO CHANGE,Nouveau Regard - Jeunesse Nord,Cochrane,4.5,45.00%,3.6,16.3,64.37%,54.68%
615/738,440/625,DOWNTREND,Catholic Central,Windsor,4.4,44.00%,5.3,16.3,64.37%,54.18%
615/738,440/625,DOWNTREND,Jean Vanier,Toronto,4.4,44.00%,5.3,16.3,64.37%,54.18%
615/738,440/625,NO CHANGE,Rockland,Rockland,4.4,44.00%,5.3,16.3,64.37%,54.18%
615/738,507/625,NO CHANGE,Newtonbrook,Toronto,4.4,44.00%,4.7,16.3,64.37%,54.18%
615/738,526/625,NO CHANGE,W C Eaket,Blind River,4.4,44.00%,4.5,16.3,64.37%,54.18%
615/738,545/625,NO CHANGE,Glendale,Hamilton,4.4,44.00%,4.3,16.3,64.37%,54.18%
615/738,574/625,UPTREND,Lakeshore,Toronto,4.4,44.00%,3.9,16.3,64.37%,54.18%
615/738,n/a,NO CHANGE,Confederation,Val Caron,4.4,44.00%,n/a,16.3,64.37%,54.18%
615/738,n/a,NO CHANGE,G L Roberts,Oshawa,4.4,44.00%,n/a,16.3,64.37%,54.18%
615/738,n/a,NO CHANGE,Georgian Bay District,Midland,4.4,44.00%,n/a,16.3,64.37%,54.18%
626/738,478/625,NO CHANGE,Loyalist,Kingston,4.3,43.00%,5,16.3,64.37%,53.68%
626/738,478/625,NO CHANGE,Prince Edward,Picton,4.3,43.00%,5,16.3,64.37%,53.68%
626/738,526/625,NO CHANGE,Tilbury,Tilbury,4.3,43.00%,4.5,16.3,64.37%,53.68%
626/738,551/625,NO CHANGE,Grey Highlands,Flesherton,4.3,43.00%,4.2,16.3,64.37%,53.68%
626/738,566/625,NO CHANGE,Eastdale,Welland,4.3,43.00%,4,16.3,64.37%,53.68%
626/738,n/a,NO CHANGE,Jean Augustine,Brampton,4.3,43.00%,n/a,16.3,64.37%,53.68%
626/738,n/a,NO CHANGE,Woodroffe,Ottawa,4.3,43.00%,n/a,16.3,64.37%,53.68%
634/738,478/625,NO CHANGE,Tagwi,Avonmore,4.2,42.00%,5,16.3,64.37%,53.18%
634/738,519/625,DOWNTREND,Loretto,Toronto,4.2,42.00%,4.6,16.3,64.37%,53.18%
634/738,519/625,NO CHANGE,Michipicoten,Wawa,4.2,42.00%,4.6,16.3,64.37%,53.18%
634/738,526/625,NO CHANGE,Smiths Falls,Smiths Falls,4.2,42.00%,4.5,16.3,64.37%,53.18%
634/738,540/625,NO CHANGE,Stayner,Stayner,4.2,42.00%,4.4,16.3,64.37%,53.18%
634/738,545/625,NO CHANGE,Norwood,Norwood,4.2,42.00%,4.3,16.3,64.37%,53.18%
634/738,558/625,NO CHANGE,East Elgin,Aylmer,4.2,42.00%,4.1,16.3,64.37%,53.18%
634/738,581/625,NO CHANGE,David and Mary Thomson,Toronto,4.2,42.00%,3.7,16.3,64.37%,53.18%
634/738,581/625,NO CHANGE,Geraldton,Geraldton,4.2,42.00%,3.7,16.3,64.37%,53.18%
634/738,595/625,UPTREND,Central Commerce,Toronto,4.2,42.00%,3.4,16.3,64.37%,53.18%
645/738,460/625,NO CHANGE,Russel High,Russell,4.1,41.00%,5.2,16.3,64.37%,52.68%
645/738,507/625,NO CHANGE,Twin Lakes,Orillia,4.1,41.00%,4.7,16.3,64.37%,52.68%
645/738,526/625,NO CHANGE,Pain Court,Pain Court,4.1,41.00%,4.5,16.3,64.37%,52.68%
645/738,574/625,NO CHANGE,Trenton,Trenton,4.1,41.00%,3.9,16.3,64.37%,52.68%
645/738,591/625,NO CHANGE,Kapuskasing,Kapuskasing,4.1,41.00%,3.6,16.3,64.37%,52.68%
645/738,593/625,NO CHANGE,Barton,Hamilton,4.1,41.00%,3.5,16.3,64.37%,52.68%
651/738,410/625,NO CHANGE,Theriault,Timmins,4,40.00%,5.6,16.3,64.37%,52.18%
651/738,574/625,NO CHANGE,North Hastings,Bancroft,4,40.00%,3.9,16.3,64.37%,52.18%
651/738,607/625,NO CHANGE,Montcalm,London,4,40.00%,2.6,16.3,64.37%,52.18%
654/738,496/625,NO CHANGE,Our Lady of the Lake,Keswick,3.9,39.00%,4.8,16.3,64.37%,51.68%
654/738,545/625,NO CHANGE,Archbishop Romero,Toronto,3.9,39.00%,4.3,16.3,64.37%,51.68%
654/738,581/625,NO CHANGE,Cathedral,Hamilton,3.9,39.00%,3.7,16.3,64.37%,51.68%
305/738,n/a,NO CHANGE,Turner Fenton,Brampton,6.5,65.00%,n/a,19,48.85%,56.93%
657/738,478/625,NO CHANGE,Fort Frances,Fort Frances,3.8,38.00%,5,16.3,64.37%,51.18%
657/738,526/625,NO CHANGE,C W Jefferys,Toronto,3.8,38.00%,4.5,16.3,64.37%,51.18%
657/738,566/625,NO CHANGE,Iroquois Falls,Iroquois Falls,3.8,38.00%,4,16.3,64.37%,51.18%
657/738,566/625,NO CHANGE,Ridgemont,Ottawa,3.8,38.00%,4,16.3,64.37%,51.18%
657/738,566/625,NO CHANGE,Winston Churchill,Toronto,3.8,38.00%,4,16.3,64.37%,51.18%
657/738,581/625,NO CHANGE,Roland Michener,South Porcupine,3.8,38.00%,3.7,16.3,64.37%,51.18%
663/738,566/625,NO CHANGE,O'Gorman,Timmins,3.7,37.00%,4,16.3,64.37%,50.68%
663/738,581/625,NO CHANGE,Pauline Johnson,Brantford,3.7,37.00%,3.7,16.3,64.37%,50.68%
663/738,595/625,NO CHANGE,Sutton,Sutton West,3.7,37.00%,3.4,16.3,64.37%,50.68%
666/738,400/625,NO CHANGE,Cité des Jeunes,Kapuskasing,3.6,36.00%,5.7,16.3,64.37%,50.18%
666/738,526/625,DOWNTREND,Fellowes,Pembroke,3.6,36.00%,4.5,16.3,64.37%,50.18%
666/738,551/625,DOWNTREND,Glencoe,Glencoe,3.6,36.00%,4.2,16.3,64.37%,50.18%
666/738,566/625,DOWNTREND,Regina Mundi,London,3.6,36.00%,4,16.3,64.37%,50.18%
666/738,581/625,NO CHANGE,Clarke Road,London,3.6,36.00%,3.7,16.3,64.37%,50.18%
666/738,599/625,NO CHANGE,Cedarbrae,Toronto,3.6,36.00%,3.2,16.3,64.37%,50.18%
225/738,246/625,NO CHANGE,Governor Simcoe,St Catharines,7,70.00%,6.6,19.8,44.25%,57.13%
673/738,519/625,NO CHANGE,Champlain,Chelmsford,3.5,35.00%,4.6,16.3,64.37%,49.68%
673/738,558/625,NO CHANGE,Quinte,Belleville,3.5,35.00%,4.1,16.3,64.37%,49.68%
673/738,578/625,NO CHANGE,Dunnville,Dunnville,3.5,35.00%,3.8,16.3,64.37%,49.68%
673/738,581/625,NO CHANGE,Runnymede,Toronto,3.5,35.00%,3.7,16.3,64.37%,49.68%
678/738,496/625,NO CHANGE,Blenheim,Blenheim,3.4,34.00%,4.8,16.3,64.37%,49.18%
678/738,507/625,NO CHANGE,Kirkland Lake,Kirkland Lake,3.4,34.00%,4.7,16.3,64.37%,49.18%
678/738,507/625,NO CHANGE,Monsignor John Pereyma,Oshawa,3.4,34.00%,4.7,16.3,64.37%,49.18%
678/738,558/625,NO CHANGE,Wallaceburg,Wallaceburg,3.4,34.00%,4.1,16.3,64.37%,49.18%
678/738,581/625,NO CHANGE,Waterford,Waterford,3.4,34.00%,3.7,16.3,64.37%,49.18%
678/738,581/625,NO CHANGE,West Hill,Toronto,3.4,34.00%,3.7,16.3,64.37%,49.18%
678/738,n/a,NO CHANGE,F J McElligott,Mattawa,3.4,34.00%,n/a,16.3,64.37%,49.18%
678/738,n/a,NO CHANGE,Thomas L Kennedy,Mississauga,3.4,34.00%,n/a,16.3,64.37%,49.18%
686/738,478/625,NO CHANGE,Port Colborne,Port Colborne,3.3,33.00%,5,16.3,64.37%,48.68%
686/738,496/625,DOWNTREND,Dante Alighieri,Toronto,3.3,33.00%,4.8,16.3,64.37%,48.68%
686/738,545/625,NO CHANGE,John Polanyi,Toronto,3.3,33.00%,4.3,16.3,64.37%,48.68%
689/738,558/625,DOWNTREND,St Lawrence,Cornwall,3.2,32.00%,4.1,16.3,64.37%,48.18%
689/738,578/625,NO CHANGE,Cornwall,Cornwall,3.2,32.00%,3.8,16.3,64.37%,48.18%
689/738,599/625,NO CHANGE,Northern,Sturgeon Falls,3.2,32.00%,3.2,16.3,64.37%,48.18%
689/738,604/625,NO CHANGE,Athens,Athens,3.2,32.00%,2.8,16.3,64.37%,48.18%
689/738,610/625,NO CHANGE,Almaguin Highlands,South River,3.2,32.00%,2.4,16.3,64.37%,48.18%
689/738,617/625,NO CHANGE,Westview Centennial,Toronto,3.2,32.00%,1.9,16.3,64.37%,48.18%
689/738,n/a,NO CHANGE,ÉS Northern,Sturgeon Falls,3.2,32.00%,n/a,16.3,64.37%,48.18%
689/738,n/a,NO CHANGE,North Addington,Cloyne,3.2,32.00%,n/a,16.3,64.37%,48.18%
697/738,540/625,DOWNTREND,Port Hope,Port Hope,3.1,31.00%,4.4,16.3,64.37%,47.68%
697/738,558/625,DOWNTREND,Marathon,Marathon,3.1,31.00%,4.1,16.3,64.37%,47.68%
699/738,602/625,NO CHANGE,Weston,Toronto,3,30.00%,3,16.3,64.37%,47.18%
699/738,611/625,NO CHANGE,Downsview,Toronto,3,30.00%,2.3,16.3,64.37%,47.18%
699/738,614/625,NO CHANGE,Westview Freedom Academy,Windsor,3,30.00%,2,16.3,64.37%,47.18%
699/738,n/a,NO CHANGE,Château-Jeunesse,Longlac,3,30.00%,n/a,16.3,64.37%,47.18%
699/738,n/a,NO CHANGE,Delores D. Echum,Moose Factory,3,30.00%,n/a,16.3,64.37%,47.18%
704/738,507/625,NO CHANGE,Ridgetown,Ridgetown,2.9,29.00%,4.7,16.3,64.37%,46.68%
704/738,551/625,NO CHANGE,Ernestown,Odessa,2.9,29.00%,4.2,16.3,64.37%,46.68%
706/738,n/a,NO CHANGE,Safa & Marwa,Mississauga,2.8,28.00%,n/a,16.3,64.37%,46.18%
707/738,n/a,NO CHANGE,Espanola,Espanola,2.7,27.00%,n/a,16.3,64.37%,45.68%
708/738,551/625,DOWNTREND,College Avenue,Woodstock,2.6,26.00%,4.2,16.3,64.37%,45.18%
164/738,114/625,NO CHANGE,Bishop Tonnos,Ancaster,7.3,73.00%,7.4,21.1,36.78%,54.89%
709/738,602/625,NO CHANGE,Lake Superior,Terrace Bay,2.5,25.00%,3,16.3,64.37%,44.68%
414/738,334/625,NO CHANGE,Silverthorn,Toronto,6,60.00%,6.1,20,43.10%,51.55%
710/738,605/625,NO CHANGE,Queen Elizabeth,Sioux Lookout,2.3,23.00%,2.7,16.3,64.37%,43.68%
710/738,607/625,NO CHANGE,Sir Winston Churchill,Hamilton,2.3,23.00%,2.6,16.3,64.37%,43.68%
710/738,n/a,NO CHANGE,Everest,Thornhill,2.3,23.00%,n/a,16.3,64.37%,43.68%
225/738,163/625,NO CHANGE,St David,Waterloo,7,70.00%,7.1,21.1,36.78%,53.39%
713/738,574/625,NO CHANGE,White Pines,Sault Ste. Marie,2.2,22.00%,3.9,16.3,64.37%,43.18%
225/738,184/625,NO CHANGE,Ancaster,Ancaster,7,70.00%,7,21.2,36.21%,53.10%
714/738,617/625,NO CHANGE,Sir John A Macdonald,Hamilton,2.1,21.00%,1.9,16.3,64.37%,42.68%
715/738,460/625,DOWNTREND,Georges-P-Vanier,Hamilton,2,20.00%,5.2,16.3,64.37%,42.18%
373/738,284/625,NO CHANGE,Robert Bateman,Burlington,6.2,62.00%,6.4,20.7,39.08%,50.54%
716/738,581/625,NO CHANGE,George Harvey,Toronto,1.8,18.00%,3.7,16.3,64.37%,41.18%
716/738,605/625,NO CHANGE,Nipigon Red Rock,Red Rock,1.8,18.00%,2.7,16.3,64.37%,41.18%
716/738,614/625,NO CHANGE,Emery,Toronto,1.8,18.00%,2,16.3,64.37%,41.18%
62/738,75/625,NO CHANGE,Bishop Macdonell,Guelph,8,80.00%,7.7,22.6,28.16%,54.08%
430/738,467/625,NO CHANGE,Sir Wilfrid Laurier,Toronto,5.9,59.00%,5.1,20.5,40.23%,49.61%
719/738,566/625,NO CHANGE,Rainy River,Rainy River,1.7,17.00%,4,16.3,64.37%,40.68%
225/738,229/625,NO CHANGE,Notre Dame,Brampton,7,70.00%,6.7,21.7,33.33%,51.67%
720/738,595/625,DOWNTREND,Oakwood,Toronto,1.5,15.00%,3.4,16.3,64.37%,39.68%
720/738,621/625,NO CHANGE,Sir Guy Carleton,Nepean,1.5,15.00%,1.5,16.3,64.37%,39.68%
722/738,612/625,NO CHANGE,Kipling,Toronto,1.4,14.00%,2.2,16.3,64.37%,39.18%
722/738,614/625,NO CHANGE,Arthur Voaden,St Thomas,1.4,14.00%,2,16.3,64.37%,39.18%
580/738,460/625,NO CHANGE,Lester B Pearson,Toronto,4.8,48.00%,5.2,20,43.10%,45.55%
724/738,622/625,NO CHANGE,Hanmer,Hanmer,1.1,11.00%,1.1,16.3,64.37%,37.68%
725/738,609/625,NO CHANGE,Manitouwadge,Manitouwadge,0.9,9.00%,2.5,16.3,64.37%,36.68%
248/738,163/625,NO CHANGE,Sir Winston Churchill,St Catharines,6.9,69.00%,7.1,22.5,28.74%,48.87%
726/738,595/625,NO CHANGE,Renaissance,Timmins,0.6,6.00%,3.4,16.3,64.37%,35.18%
726/738,n/a,NO CHANGE,l'Odyssée,North Bay,0.6,6.00%,n/a,16.3,64.37%,35.18%
726/738,n/a,NO CHANGE,Notre-Dame,Woodstock,0.6,6.00%,n/a,16.3,64.37%,35.18%
430/738,372/625,NO CHANGE,Galt,Cambridge,5.9,59.00%,5.9,21.7,33.33%,46.17%
62/738,90/625,NO CHANGE,Vaughan,Thornhill,8,80.00%,7.6,23.9,20.69%,50.34%
729/738,613/625,NO CHANGE,Central,Toronto,0.2,2.00%,2.1,16.3,64.37%,33.18%
730/738,624/625,NO CHANGE,Northern Lights,Moosonee,0.1,1.00%,0.6,16.3,64.37%,32.68%
731/738,617/625,NO CHANGE,Cochrane,Cochrane,0,0.00%,1.9,16.3,64.37%,32.18%
731/738,620/625,NO CHANGE,College Heights,Guelph,0,0.00%,1.8,16.3,64.37%,32.18%
731/738,623/625,NO CHANGE,Alexander Mackenzie,Sarnia,0,0.00%,0.9,16.3,64.37%,32.18%
731/738,625/625,UPTREND,Bendale,Toronto,0,0.00%,0,16.3,64.37%,32.18%
731/738,n/a,NO CHANGE,Judith Nyman,Brampton,0,0.00%,n/a,16.3,64.37%,32.18%
731/738,n/a,NO CHANGE,St. Luke Catholic,Smiths Falls,0,0.00%,n/a,16.3,64.37%,32.18%
731/738,n/a,NO CHANGE,Thomas Fiddler Memorial,Sandy Lake,0,0.00%,n/a,16.3,64.37%,32.18%
731/738,n/a,NO CHANGE,West Credit,Mississauga,0,0.00%,n/a,16.3,64.37%,32.18%
536/738,545/625,NO CHANGE,North Albion,Toronto,5.1,51.00%,4.3,21.5,34.48%,42.74%
248/738,202/625,NO CHANGE,St Peter's,Peterborough,6.9,69.00%,6.9,23.5,22.99%,45.99%
626/738,519/625,NO CHANGE,Eastwood,Kitchener,4.3,43.00%,4.6,21.9,32.18%,37.59%
148/738,114/625,NO CHANGE,St Thomas Aquinas,Oakville,7.4,74.00%,7.4,25.4,12.07%,43.03%
673/738,540/625,NO CHANGE,Jarvis,Toronto,3.5,35.00%,4.4,21.7,33.33%,34.17%
666/738,558/625,NO CHANGE,George S Henry,Toronto,3.6,36.00%,4.1,22.4,29.31%,32.66%
276/738,184/625,NO CHANGE,Grimsby,Grimsby,6.7,67.00%,7,27.5,0.00%,33.50%